{
  "mode": "FULL",
  "dataset_size": 40000,
  "predictor": {
    "loss": 2.0215961296344174e-05,
    "mae": 0.0024884373415261507,
    "rmse": 0.004496216279348992,
    "r2": 0.998173713684082
  },
  "trajectory": {
    "loss": 0.005337324228137732,
    "mae": 0.07160118967294693,
    "rmse": 0.08245840573817681,
    "r2": 0.771872341632843
  },
  "nsga2": {
    "ResNet-50": {
      "count": 11,
      "init": 0.2518174350261688,
      "best": 0.2512361607979983,
      "reduction": 0.2308316054883559,
      "cache_hits": 15,
      "converged_gen": 16
    },
    "BERT-Base": {
      "count": 4,
      "init": 0.24582180380821228,
      "best": 0.1587916222633794,
      "reduction": 35.40376817539463,
      "cache_hits": 76,
      "converged_gen": 13
    },
    "MobileNetV2": {
      "count": 5,
      "init": 0.32724079489707947,
      "best": 0.32446984611451624,
      "reduction": 0.8467614141552013,
      "cache_hits": 56,
      "converged_gen": 13
    },
    "EfficientNet-B4": {
      "count": 5,
      "init": 0.325277715921402,
      "best": 0.3248197228182107,
      "reduction": 0.14080063919962635,
      "cache_hits": 91,
      "converged_gen": 16
    },
    "ViT-B/16": {
      "count": 7,
      "init": 0.18598000705242157,
      "best": 0.06736081295239274,
      "reduction": 63.78061598126191,
      "cache_hits": 25,
      "converged_gen": 13
    }
  },
  "ppo": {
    "rewards": [
      -0.09758950178095009,
      0.02779977377962932,
      0.14955010962946602,
      0.3738545457343898,
      0.13743668192143546,
      0.06651368503596035,
      -0.0856914472579578,
      0.35387888273605445,
      0.33346216786350574,
      0.21010986334713122,
      0.3259286941312393,
      0.4385078165518072,
      0.2128293426567933,
      0.23030181387247114,
      0.32825535483261764,
      0.2976423305362985,
      0.4095358154529027,
      0.33543585833623296,
      0.41193740242868415,
      0.2213821401931253,
      0.283084769489832,
      0.47176721793395865,
      0.3769837536034653,
      0.2491940799637307,
      0.17667293910788448,
      0.3159232668753587,
      0.41520684258151924,
      0.23321113583031558,
      0.3231753545118141,
      0.38888104022688075,
      0.39276392483946543,
      0.493109378238851,
      0.3820451388118449,
      0.5207443571299589,
      0.2961635585108853,
      0.260818628295974,
      0.4710209103558553,
      0.38801529722532097,
      0.3798003488995972,
      0.45597211875906446
    ],
    "first": -0.09758950178095009,
    "last": 0.45597211875906446,
    "best": 0.5207443571299589,
    "mean": 0.2988908847798103
  }
}