{
  "mode": "SMOKE",
  "dataset_size": 200,
  "predictor": {
    "loss": 0.010432697832584381,
    "mae": 0.07744162529706955,
    "rmse": 0.10214058789349868,
    "r2": 0.09263759851455688
  },
  "trajectory": {
    "loss": 0.013368122279644012,
    "mae": 0.10330168902873993,
    "rmse": 0.13010477875513884,
    "r2": 0.4582626223564148
  },
  "nsga2": {
    "ResNet-50": {
      "count": 10,
      "init": 0.3066760003566742,
      "best": 0.279180016356986,
      "reduction": 8.965808856157457,
      "cache_hits": 4,
      "converged_gen": 12
    },
    "BERT-Base": {
      "count": 4,
      "init": 0.33544260263442993,
      "best": 0.28926411669235674,
      "reduction": 13.766434430035456,
      "cache_hits": 52,
      "converged_gen": 12
    },
    "MobileNetV2": {
      "count": 5,
      "init": 0.33993294835090637,
      "best": 0.2978737451368943,
      "reduction": 12.37279393423057,
      "cache_hits": 45,
      "converged_gen": 12
    },
    "EfficientNet-B4": {
      "count": 5,
      "init": 0.3726807236671448,
      "best": 0.33731473053339867,
      "reduction": 9.489622319541487,
      "cache_hits": 35,
      "converged_gen": 12
    },
    "ViT-B/16": {
      "count": 8,
      "init": 0.30832579731941223,
      "best": 0.2760419850470498,
      "reduction": 10.470681517095956,
      "cache_hits": 19,
      "converged_gen": 12
    }
  },
  "ppo": {
    "rewards": [
      -0.23846115315875827,
      0.11297118274916496,
      0.029285486847906828,
      0.09131982708193441,
      0.21115586838305922,
      0.23185218723395018,
      0.1875361200399869,
      0.1997732283604671,
      0.22310454235199284,
      -0.09614891091144473,
      0.03506499299886669,
      0.2158796639826813,
      -0.019587381342271216,
      0.31327601503889796,
      0.2775713630016942
    ],
    "first": -0.23846115315875827,
    "last": 0.2775713630016942,
    "best": 0.31327601503889796,
    "mean": 0.11830620217720858
  }
}