{
  "mode": "FULL",
  "dataset_size": 40000,
  "predictor": {
    "loss": 1.8495036390959285e-05,
    "mae": 0.002753675449639559,
    "rmse": 0.004300585209699046,
    "r2": 0.9975808262825012
  },
  "trajectory": {
    "loss": 0.002161913767457008,
    "mae": 0.03963615745306015,
    "rmse": 0.05252739677531486,
    "r2": 0.8662899732589722
  },
  "nsga2": {
    "ResNet-50": {
      "count": 12,
      "init": 0.4039734899997711,
      "best": 0.13844087102916092,
      "reduction": 65.73020892305598,
      "cache_hits": 0,
      "converged_gen": 11,
      "baseline": "static_zero"
    },
    "BERT-Base": {
      "count": 19,
      "init": 0.39594605565071106,
      "best": 0.11915003245230764,
      "reduction": 69.90750867400548,
      "cache_hits": 1,
      "converged_gen": 11,
      "baseline": "static_zero"
    },
    "MobileNetV2": {
      "count": 20,
      "init": 0.3997763693332672,
      "best": 0.20309446732280775,
      "reduction": 49.197980945816916,
      "cache_hits": 3,
      "converged_gen": 13,
      "baseline": "static_zero"
    },
    "EfficientNet-B4": {
      "count": 20,
      "init": 0.3981289565563202,
      "best": 0.17949690954992548,
      "reduction": 54.91488207677418,
      "cache_hits": 3,
      "converged_gen": 14,
      "baseline": "static_zero"
    },
    "ViT-B/16": {
      "count": 20,
      "init": 0.38200047612190247,
      "best": 0.12209109414834529,
      "reduction": 68.03902042536092,
      "cache_hits": 5,
      "converged_gen": 15,
      "baseline": "static_zero"
    }
  },
  "ppo": {
    "rewards": [
      1.1588560663135197,
      0.6555091015044482,
      0.6966496951013182,
      0.7311812550004273,
      0.8398992940767396,
      0.4867243852317844,
      0.8809347979921919,
      0.5238142757808236,
      0.6863097260317002,
      0.8762653447273265,
      0.9581460781120438,
      0.9670141599446525,
      1.1851426731510029,
      0.7017744477879477,
      1.241624349983928,
      1.04579138530514,
      1.205859455907304,
      1.247967085922004,
      1.210344719964271,
      1.4005167830353449,
      0.9406629411352527,
      1.1079253688041344,
      1.3667220688319865,
      1.0997532367990297,
      1.2639088150669624,
      1.090172648431272,
      1.0453940916914832,
      1.0803328973298532,
      1.215489946317307,
      1.176306157036702,
      1.3155124383184467,
      1.2312607734902647,
      1.2450634882845877,
      0.9491006982345799,
      1.1709136143536816,
      1.2290679042766188,
      1.1762320989127535,
      1.536491291325828,
      1.3338628430284916,
      1.2672056524879842
    ],
    "first": 1.1588560663135197,
    "last": 1.2672056524879842,
    "best": 1.536491291325828,
    "mean": 1.0635426013757783
  }
}