{
  "mode": "FULL",
  "dataset_size": 40000,
  "predictor": {
    "loss": 1.9511519436491653e-05,
    "mae": 0.002104146173223853,
    "rmse": 0.004417184714767052,
    "r2": 0.9982373714447021
  },
  "trajectory": {
    "loss": 0.005338780213147402,
    "mae": 0.07173873484134674,
    "rmse": 0.08247331306840278,
    "r2": 0.7718051075935364
  },
  "nsga2": {
    "ResNet-50": {
      "count": 12,
      "init": 0.2640138566493988,
      "best": 0.2619970400352031,
      "reduction": 0.7639055918470177,
      "cache_hits": 25,
      "converged_gen": 20
    },
    "BERT-Base": {
      "count": 4,
      "init": 0.21234247088432312,
      "best": 0.14550175244221464,
      "reduction": 31.47779064816525,
      "cache_hits": 117,
      "converged_gen": 19
    },
    "MobileNetV2": {
      "count": 5,
      "init": 0.3172416687011719,
      "best": 0.31320108599029484,
      "reduction": 1.2736607796257355,
      "cache_hits": 78,
      "converged_gen": 16
    },
    "EfficientNet-B4": {
      "count": 5,
      "init": 0.32476645708084106,
      "best": 0.31947346022352574,
      "reduction": 1.6297855711120401,
      "cache_hits": 152,
      "converged_gen": 20
    },
    "ViT-B/16": {
      "count": 8,
      "init": 0.16180519759655,
      "best": 0.06095236995315645,
      "reduction": 62.329782442998564,
      "cache_hits": 26,
      "converged_gen": 13
    }
  },
  "ppo": {
    "rewards": [
      -0.1478499288424252,
      0.15322710276133408,
      0.24577578633140065,
      0.13367293932797253,
      0.25088764319053564,
      0.1599023250393328,
      0.306095443552157,
      0.4528381361080772,
      0.5626325932205585,
      0.5038497914702826,
      0.3951988704038356,
      0.3548356900195431,
      0.3330848851648979,
      0.3546742988190683,
      0.34787951557032953,
      0.46843570503168935,
      0.3218638982669013,
      0.4406154484622098,
      0.37512453217412556,
      0.3171866619001391,
      0.13972167607332497,
      0.36561751202271936,
      0.47341496135266414,
      0.44859261754561314,
      0.3720463274949746,
      0.4350549435716487,
      0.3066954550329869,
      0.5563034695739477,
      0.35690784997136377,
      0.45598031135175193,
      0.5507769224392062,
      0.34529068957506853,
      0.5781438737718295,
      0.3685726991331957,
      0.4625280422814939,
      0.5786443021189548,
      0.5729056757734946,
      0.5847565052831759,
      0.49967733419320887,
      0.4452906447043446
    ],
    "first": -0.1478499288424252,
    "last": 0.4452906447043446,
    "best": 0.5847565052831759,
    "mean": 0.38067132878092336
  }
}