{
  "mode": "SMOKE",
  "dataset_size": 200,
  "predictor": {
    "loss": 0.01070462167263031,
    "mae": 0.07611098885536194,
    "rmse": 0.10346314161395985,
    "r2": 0.3596267104148865
  },
  "trajectory": {
    "loss": 0.011373035609722137,
    "mae": 0.09094539284706116,
    "rmse": 0.12002368714949042,
    "r2": 0.6536978483200073
  },
  "nsga2": {
    "ResNet-50": {
      "count": 12,
      "init": 0.3884376883506775,
      "best": 0.38988330694846807,
      "reduction": -0.3721622904123267,
      "cache_hits": 0,
      "converged_gen": 10,
      "baseline": "static_zero"
    },
    "BERT-Base": {
      "count": 12,
      "init": 0.33845219016075134,
      "best": 0.3395390799967572,
      "reduction": -0.321135412209809,
      "cache_hits": 1,
      "converged_gen": 10,
      "baseline": "static_zero"
    },
    "MobileNetV2": {
      "count": 12,
      "init": 0.3873467743396759,
      "best": 0.388762618182227,
      "reduction": -0.3655235918679722,
      "cache_hits": 5,
      "converged_gen": 10,
      "baseline": "static_zero"
    },
    "EfficientNet-B4": {
      "count": 12,
      "init": 0.40289634466171265,
      "best": 0.40054019801318647,
      "reduction": 0.5848021903759123,
      "cache_hits": 3,
      "converged_gen": 12,
      "baseline": "static_zero"
    },
    "ViT-B/16": {
      "count": 12,
      "init": 0.30818870663642883,
      "best": 0.3090153434779495,
      "reduction": -0.2682242482349829,
      "cache_hits": 3,
      "converged_gen": 10,
      "baseline": "static_zero"
    }
  },
  "ppo": {
    "rewards": [
      0.8252564647640952,
      0.9997627078179159,
      0.9676006903334952,
      0.35588771329767827,
      0.7087551192962738,
      0.8581483467494586,
      0.6986317174040382,
      0.9443867825842069,
      1.0215244778897414,
      1.010405415670247,
      0.8817287892487351,
      0.9878931088029629,
      0.93337174599538,
      0.9976990751860827,
      0.7516718390523914
    ],
    "first": 0.8252564647640952,
    "last": 0.7516718390523914,
    "best": 1.0215244778897414,
    "mean": 0.8628482662728468
  }
}