{
  "mode": "FULL",
  "dataset_size": 40000,
  "predictor": {
    "loss": 5.1792489044601095e-05,
    "mae": 0.0036047915928065777,
    "rmse": 0.007196699875832586,
    "r2": 0.9953211545944214
  },
  "trajectory": {
    "loss": 0.005558055099099874,
    "mae": 0.07558705657720566,
    "rmse": 0.08490026708397035,
    "r2": 0.7593727111816406
  },
  "nsga2": {
    "ResNet-50": {
      "count": 12,
      "init": 0.27810895442962646,
      "best": 0.2700602444820106,
      "reduction": 2.894085148794636,
      "cache_hits": 74,
      "converged_gen": 20
    },
    "BERT-Base": {
      "count": 4,
      "init": 0.2705402374267578,
      "best": 0.13163478820351884,
      "reduction": 51.3437300656041,
      "cache_hits": 60,
      "converged_gen": 15
    },
    "MobileNetV2": {
      "count": 5,
      "init": 0.3410298228263855,
      "best": 0.33727624942548573,
      "reduction": 1.1006584027727893,
      "cache_hits": 69,
      "converged_gen": 14
    },
    "EfficientNet-B4": {
      "count": 5,
      "init": 0.3467075228691101,
      "best": 0.3462232434656471,
      "reduction": 0.1396795199179579,
      "cache_hits": 100,
      "converged_gen": 15
    },
    "ViT-B/16": {
      "count": 9,
      "init": 0.09115780144929886,
      "best": 0.021569815289694816,
      "reduction": 76.33793822716123,
      "cache_hits": 91,
      "converged_gen": 20
    }
  },
  "ppo": {
    "rewards": [
      0.031068293453712374,
      0.045866034796551436,
      0.13408638651455324,
      0.38099374926300267,
      0.08224745176108082,
      0.11883378168963706,
      -0.008718204074657602,
      0.3306833597010909,
      0.12405103775933796,
      0.4136824887435479,
      0.17061598588349028,
      0.3008609164432054,
      0.31819575919263354,
      0.09831119000461037,
      0.11719390902124689,
      0.2125599162846225,
      0.2699096050877224,
      0.3382464141224832,
      0.3437593147268691,
      0.28662333761573666,
      0.07536471702611315,
      0.2648033121592915,
      0.2345899411049844,
      0.34787311615633243,
      0.24397069870396523,
      0.2415261686065859,
      0.21839744255921456,
      0.31196181850975674,
      0.39304577968447013,
      0.21005354991148176,
      0.29567854968255797,
      0.3427232279625569,
      0.08015066102985055,
      0.28699215545660717,
      0.3623569297871587,
      0.3010831004655229,
      0.25308029020986955,
      0.4513251612498867,
      0.4033343219413982,
      0.05714316324838581
    ],
    "first": 0.031068293453712374,
    "last": 0.05714316324838581,
    "best": 0.4513251612498867,
    "mean": 0.2371131208361617
  }
}