{
  "Static": 0.3170979195423254,
  "Random": 0.3170979195423254,
  "Round-Robin": 0.3170979195423254,
  "Thermal-Balancing": 0.3170979195423254,
  "SA": 0.3170979195423254
}