{
  "predictor": {
    "loss": 0.002874713623896241,
    "mae": 0.04822488874197006,
    "rmse": 0.05361636027890674,
    "r2": -5.677676677703857
  },
  "trajectory": {
    "loss": 0.22017110884189606,
    "mae": 0.1380542367696762,
    "rmse": 0.1695656989734746,
    "r2": -26.313940048217773
  },
  "rl_reward_mean": -20874182.74726917,
  "pareto_solutions": 4
}