{
  "mode": "FULL",
  "dataset_size": 40000,
  "predictor": {
    "r2": 0.9925175905227661,
    "mae": 0.004998855292797089,
    "rmse": 0.009139874939654782
  },
  "trajectory": {
    "r2": 0.7818278074264526,
    "mae": 0.07181847095489502,
    "rmse": 0.08283785081103834,
    "per_step_r2": []
  },
  "nsga2": {
    "ResNet-50": {
      "count": 16,
      "init": 0.44991782307624817,
      "best": 0.1409117728471756,
      "reduction": 68.68055328777338
    },
    "BERT-Base": {
      "count": 14,
      "init": 0.36784693598747253,
      "best": 0.06030019372701645,
      "reduction": 83.60725948004905
    },
    "MobileNetV2": {
      "count": 38,
      "init": 0.4281598925590515,
      "best": 0.2243012934923172,
      "reduction": 47.61272660274182
    },
    "EfficientNet-B4": {
      "count": 16,
      "init": 0.42588356137275696,
      "best": 0.23367267847061157,
      "reduction": 45.132261569943935
    },
    "ViT-B/16": {
      "count": 38,
      "init": 0.37273743748664856,
      "best": 0.1597743034362793,
      "reduction": 57.13489245576455
    }
  },
  "ppo": {
    "rewards": [
      -0.6246048078249719,
      -0.5224924262952809,
      -0.6013558994850728,
      -0.2211734350159193,
      -0.4225074163367784,
      -0.04422426787983965,
      0.2747398463920595,
      0.05776107599983204,
      0.5084604321842716,
      0.5192741739955896,
      0.3927175602962952,
      0.4626216857491843,
      0.724269634833595,
      0.7090636216388314,
      0.846480033052979,
      0.4377060173899277,
      0.5946519734289604,
      0.5624286185814887,
      0.6753070775952643,
      0.7832797298990514,
      0.6995921236363387,
      0.7590702270370888,
      0.45835075032080935,
      0.5599566421075944,
      0.5836911098053746,
      0.8148999406340385,
      0.7145819359344414,
      0.7186141613118731,
      0.5357309222412164,
      0.8996728188606816,
      0.7959025571674361,
      0.692796438727342,
      0.44013775213293577,
      0.5788966949056007,
      0.7944856735066859,
      0.6988670839544125,
      0.7738983981924921,
      0.5317295832964148,
      0.8336077693609446,
      0.7355022282736582,
      0.6628830715295663,
      0.5202279546687124,
      0.5561269493586669,
      0.712587932623455,
      0.838801089483055,
      0.5261544204363576,
      0.8137643710238027,
      0.7357752927091153,
      0.6235416392731761,
      0.670870793646622,
      0.4131971817425422,
      0.783640218441022,
      0.8085959107273128,
      0.6955253038428622,
      0.9199024124156922,
      0.3603612395640635,
      0.7781573279679853,
      0.6277755292199405,
      0.9095798508851802,
      0.824889909727451,
      0.7293799228000448,
      0.5397254998634242,
      1.0004196107838683,
      1.003137431535294,
      0.9530752490783146,
      0.7200292042074088,
      0.7762365446674485,
      0.709816947726424,
      1.0410650764221225,
      1.038064600726707,
      0.628579438254559,
      0.5447263937855366,
      0.9807793774445029,
      0.7836651083744689,
      0.900255661144695,
      0.7686649673344446,
      0.6578234587898222,
      1.0956017670566367,
      0.5534023699886428,
      0.5740635093318215
    ],
    "first": -0.6246048078249719,
    "last": 0.5740635093318215,
    "best": 1.0956017670566367,
    "mean": 0.6064157322276202
  }
}