{
  "training": {
    "reward": [
      -0.6246048078249719,
      -0.5224924262952809,
      -0.6013558994850728,
      -0.2211734350159193,
      -0.4225074163367784,
      -0.04422426787983965,
      0.2747398463920595,
      0.05776107599983204,
      0.5084604321842716,
      0.5192741739955896,
      0.3927175602962952,
      0.4626216857491843,
      0.724269634833595,
      0.7090636216388314,
      0.846480033052979,
      0.4377060173899277,
      0.5946519734289604,
      0.5624286185814887,
      0.6753070775952643,
      0.7832797298990514,
      0.6995921236363387,
      0.7590702270370888,
      0.45835075032080935,
      0.5599566421075944,
      0.5836911098053746,
      0.8148999406340385,
      0.7145819359344414,
      0.7186141613118731,
      0.5357309222412164,
      0.8996728188606816,
      0.7959025571674361,
      0.692796438727342,
      0.44013775213293577,
      0.5788966949056007,
      0.7944856735066859,
      0.6988670839544125,
      0.7738983981924921,
      0.5317295832964148,
      0.8336077693609446,
      0.7355022282736582,
      0.6628830715295663,
      0.5202279546687124,
      0.5561269493586669,
      0.712587932623455,
      0.838801089483055,
      0.5261544204363576,
      0.8137643710238027,
      0.7357752927091153,
      0.6235416392731761,
      0.670870793646622,
      0.4131971817425422,
      0.783640218441022,
      0.8085959107273128,
      0.6955253038428622,
      0.9199024124156922,
      0.3603612395640635,
      0.7781573279679853,
      0.6277755292199405,
      0.9095798508851802,
      0.824889909727451,
      0.7293799228000448,
      0.5397254998634242,
      1.0004196107838683,
      1.003137431535294,
      0.9530752490783146,
      0.7200292042074088,
      0.7762365446674485,
      0.709816947726424,
      1.0410650764221225,
      1.038064600726707,
      0.628579438254559,
      0.5447263937855366,
      0.9807793774445029,
      0.7836651083744689,
      0.900255661144695,
      0.7686649673344446,
      0.6578234587898222,
      1.0956017670566367,
      0.5534023699886428,
      0.5740635093318215
    ],
    "policy_loss": [
      -0.011295076459646225,
      -0.010174041613936424,
      -0.004701318684965372,
      -0.008035391569137573,
      -0.011410195380449295,
      -0.006172918248921633,
      -0.007826007436960936,
      -0.007594180293381214,
      -0.012760791927576065,
      -0.010035302489995956,
      -0.007696753367781639,
      -0.008653420954942703,
      -0.003356470726430416,
      -0.0041305897757411,
      -0.006565667688846588,
      -0.00975065492093563,
      -0.003423849120736122,
      -0.00551493838429451,
      -0.003334794193506241,
      -0.004967608023434877,
      -0.005787095054984093,
      -0.003005925565958023,
      -0.0018674712628126144,
      -0.002407562918961048,
      -0.009341740980744362,
      -0.005425232462584972,
      -0.010436125099658966,
      -0.0058551940601319075,
      -0.012589862570166588,
      -0.00740748830139637,
      -0.0030050049535930157,
      -0.004310222342610359,
      -0.000948537141084671,
      -0.004054444842040539,
      -0.001651741098612547,
      -0.0021746978163719177,
      -0.004436098039150238,
      -0.007664740085601807,
      -0.0017949044704437256,
      -0.002789350226521492,
      -0.0029671289958059788,
      -0.006607925519347191,
      -0.0073774270713329315,
      -0.002682001329958439,
      -0.00530338566750288,
      -0.0034302053973078728,
      -0.0026829689741134644,
      -0.003558339551091194,
      -0.00856759026646614,
      -0.00830217357724905,
      -0.004788057878613472,
      -0.00850796140730381,
      -0.0003406163305044174,
      -0.002617425750941038,
      -0.007515511475503445,
      -0.00797802209854126,
      -0.00574007723480463,
      -0.00015688873827457428,
      -0.002394549548625946,
      -0.004202469252049923,
      -0.002372315153479576,
      -0.0021781688556075096,
      -0.008526724763214588,
      0.0006170631386339664,
      -0.002442799974232912,
      -0.004707077518105507,
      -0.0024071969091892242,
      -0.006581030786037445,
      -0.0051665641367435455,
      -0.0013655442744493484,
      -0.0010036509484052658,
      -0.00103799719363451,
      -0.0011150315403938293,
      -0.004512997344136238,
      -0.0014446554705500603,
      -0.0001927688717842102,
      -0.003554830327630043,
      -0.0007436573505401611,
      -0.0003182925283908844,
      0.00013927463442087173
    ],
    "value_loss": [
      1.2237429320812225,
      0.7945468872785568,
      0.26857420057058334,
      0.27717962488532066,
      0.20165427029132843,
      0.14287588000297546,
      0.14643031358718872,
      0.17892831936478615,
      0.09943698719143867,
      0.17937083914875984,
      0.1325839851051569,
      0.15033583529293537,
      0.062409088015556335,
      0.07134096324443817,
      0.05551999341696501,
      0.05207450594753027,
      0.02700817584991455,
      0.05417435057461262,
      0.016625476302579045,
      0.02728904690593481,
      0.024933286011219025,
      0.03597068414092064,
      0.01804664242081344,
      0.02152010565623641,
      0.024306073784828186,
      0.0141617595218122,
      0.01975463004782796,
      0.022120089270174503,
      0.014909452991560102,
      0.011849792674183846,
      0.016059973742812872,
      0.02604746026918292,
      0.045309074223041534,
      0.01906378287822008,
      0.02946181921288371,
      0.029145413544028997,
      0.01080976496450603,
      0.009422966046258807,
      0.018594263587146997,
      0.019844779279083014,
      0.012789438478648663,
      0.024070570711046457,
      0.01212674961425364,
      0.015500161098316312,
      0.02185164811089635,
      0.016972459387034178,
      0.013918153243139386,
      0.010019034030847251,
      0.009008811553940177,
      0.011155091226100922,
      0.010078555904328823,
      0.01544809970073402,
      0.012714573414996266,
      0.013735280837863684,
      0.009803494438529015,
      0.015295089920982718,
      0.0071549974381923676,
      0.009107192046940327,
      0.007284016232006252,
      0.0050641612615436316,
      0.006155185168609023,
      0.0020023214165121317,
      0.008545897901058197,
      0.004465509322471917,
      0.003556452866178006,
      0.004436008399352431,
      0.005368867656216025,
      0.0054393617901951075,
      0.005158165702596307,
      0.01140367001062259,
      0.0069806111860089,
      0.004399413708597422,
      0.002849710319424048,
      0.002089636429445818,
      0.001967782009160146,
      0.0009246415429515764,
      0.029535099398344755,
      0.0023398502671625465,
      0.001993259385926649,
      0.0011225582129554823
    ],