{
  "predictor": {
    "r2": 0.9925175905227661,
    "mae": 0.004998855292797089,
    "rmse": 0.009139874939654782,
    "best_epoch": 20
  },
  "trajectory": {
    "r2": 0.7818278074264526,
    "mae": 0.07181847095489502,
    "rmse": 0.08283785081103834,
    "best_epoch": 10
  }
}